#[1]CHROM,[2]POS,[3]SQK-RBK114-96_barcode01.m.bam:SAMPLE=[4]SQK-RBK114-96_barcode01.m.bam:GT,[5]SQK-RBK114-96_barcode02.m.bam:SAMPLE=[6]SQK-RBK114-96_barcode02.m.bam:GT,[7]SQK-RBK114-96_barcode03.m.bam:SAMPLE=[8]SQK-RBK114-96_barcode03.m.bam:GT,[9]SQK-RBK114-96_barcode04.m.bam:SAMPLE=[10]SQK-RBK114-96_barcode04.m.bam:GT,[11]SQK-RBK114-96_barcode05.m.bam:SAMPLE=[12]SQK-RBK114-96_barcode05.m.bam:GT,[13]SQK-RBK114-96_barcode06.m.bam:SAMPLE=[14]SQK-RBK114-96_barcode06.m.bam:GT,[15]SQK-RBK114-96_barcode07.m.bam:SAMPLE=[16]SQK-RBK114-96_barcode07.m.bam:GT,[17]SQK-RBK114-96_barcode08.m.bam:SAMPLE=[18]SQK-RBK114-96_barcode08.m.bam:GT,[19]SQK-RBK114-96_barcode09.m.bam:SAMPLE=[20]SQK-RBK114-96_barcode09.m.bam:GT,[21]SQK-RBK114-96_barcode10.m.bam:SAMPLE=[22]SQK-RBK114-96_barcode10.m.bam:GT,[23]SQK-RBK114-96_barcode11.m.bam:SAMPLE=[24]SQK-RBK114-96_barcode11.m.bam:GT,[25]SQK-RBK114-96_barcode12.m.bam:SAMPLE=[26]SQK-RBK114-96_barcode12.m.bam:GT,[27]SQK-RBK114-96_barcode13.m.bam:SAMPLE=[28]SQK-RBK114-96_barcode13.m.bam:GT,[29]SQK-RBK114-96_barcode14.m.bam:SAMPLE=[30]SQK-RBK114-96_barcode14.m.bam:GT,[31]SQK-RBK114-96_barcode15.m.bam:SAMPLE=[32]SQK-RBK114-96_barcode15.m.bam:GT,[33]SQK-RBK114-96_barcode16.m.bam:SAMPLE=[34]SQK-RBK114-96_barcode16.m.bam:GT,[35]SQK-RBK114-96_barcode17.m.bam:SAMPLE=[36]SQK-RBK114-96_barcode17.m.bam:GT,[37]SQK-RBK114-96_barcode18.m.bam:SAMPLE=[38]SQK-RBK114-96_barcode18.m.bam:GT,[39]SQK-RBK114-96_barcode19.m.bam:SAMPLE=[40]SQK-RBK114-96_barcode19.m.bam:GT,[41]SQK-RBK114-96_barcode20.m.bam:SAMPLE=[42]SQK-RBK114-96_barcode20.m.bam:GT
Scaffold_3_exon1-4,17387,SQK-RBK114-96_barcode01.m.bam=0/0,SQK-RBK114-96_barcode02.m.bam=0/0,SQK-RBK114-96_barcode03.m.bam=0/0,SQK-RBK114-96_barcode04.m.bam=0/0,SQK-RBK114-96_barcode05.m.bam=0/0,SQK-RBK114-96_barcode06.m.bam=0/0,SQK-RBK114-96_barcode07.m.bam=0/0,SQK-RBK114-96_barcode08.m.bam=0/0,SQK-RBK114-96_barcode09.m.bam=0/0,SQK-RBK114-96_barcode10.m.bam=0/0,SQK-RBK114-96_barcode11.m.bam=0/0,SQK-RBK114-96_barcode12.m.bam=0/0,SQK-RBK114-96_barcode13.m.bam=0/1,SQK-RBK114-96_barcode14.m.bam=0/0,SQK-RBK114-96_barcode15.m.bam=0/0,SQK-RBK114-96_barcode16.m.bam=0/0,SQK-RBK114-96_barcode17.m.bam=0/0,SQK-RBK114-96_barcode18.m.bam=0/0,SQK-RBK114-96_barcode19.m.bam=0/0,SQK-RBK114-96_barcode20.m.bam=0/0
Scaffold_3_exon1-4,17406,SQK-RBK114-96_barcode01.m.bam=0/1,SQK-RBK114-96_barcode02.m.bam=0/1,SQK-RBK114-96_barcode03.m.bam=1/1,SQK-RBK114-96_barcode04.m.bam=0/0,SQK-RBK114-96_barcode05.m.bam=0/1,SQK-RBK114-96_barcode06.m.bam=0/1,SQK-RBK114-96_barcode07.m.bam=0/0,SQK-RBK114-96_barcode08.m.bam=0/0,SQK-RBK114-96_barcode09.m.bam=0/0,SQK-RBK114-96_barcode10.m.bam=0/1,SQK-RBK114-96_barcode11.m.bam=0/1,SQK-RBK114-96_barcode12.m.bam=0/0,SQK-RBK114-96_barcode13.m.bam=0/1,SQK-RBK114-96_barcode14.m.bam=0/1,SQK-RBK114-96_barcode15.m.bam=0/0,SQK-RBK114-96_barcode16.m.bam=0/1,SQK-RBK114-96_barcode17.m.bam=1/1,SQK-RBK114-96_barcode18.m.bam=0/1,SQK-RBK114-96_barcode19.m.bam=0/0,SQK-RBK114-96_barcode20.m.bam=0/1
Scaffold_3_exon1-4,17495,SQK-RBK114-96_barcode01.m.bam=1/1,SQK-RBK114-96_barcode02.m.bam=0/1,SQK-RBK114-96_barcode03.m.bam=1/1,SQK-RBK114-96_barcode04.m.bam=0/0,SQK-RBK114-96_barcode05.m.bam=0/0,SQK-RBK114-96_barcode06.m.bam=0/0,SQK-RBK114-96_barcode07.m.bam=0/0,SQK-RBK114-96_barcode08.m.bam=0/0,SQK-RBK114-96_barcode09.m.bam=0/0,SQK-RBK114-96_barcode10.m.bam=0/0,SQK-RBK114-96_barcode11.m.bam=0/1,SQK-RBK114-96_barcode12.m.bam=1/1,SQK-RBK114-96_barcode13.m.bam=0/1,SQK-RBK114-96_barcode14.m.bam=1/1,SQK-RBK114-96_barcode15.m.bam=0/1,SQK-RBK114-96_barcode16.m.bam=0/0,SQK-RBK114-96_barcode17.m.bam=0/1,SQK-RBK114-96_barcode18.m.bam=0/0,SQK-RBK114-96_barcode19.m.bam=0/0,SQK-RBK114-96_barcode20.m.bam=0/0
Scaffold_3_exon1-4,17518,SQK-RBK114-96_barcode01.m.bam=0/0,SQK-RBK114-96_barcode02.m.bam=0/0,SQK-RBK114-96_barcode03.m.bam=0/0,SQK-RBK114-96_barcode04.m.bam=0/0,SQK-RBK114-96_barcode05.m.bam=0/0,SQK-RBK114-96_barcode06.m.bam=0/0,SQK-RBK114-96_barcode07.m.bam=0/0,SQK-RBK114-96_barcode08.m.bam=0/0,SQK-RBK114-96_barcode09.m.bam=0/0,SQK-RBK114-96_barcode10.m.bam=0/0,SQK-RBK114-96_barcode11.m.bam=0/0,SQK-RBK114-96_barcode12.m.bam=0/0,SQK-RBK114-96_barcode13.m.bam=0/1,SQK-RBK114-96_barcode14.m.bam=0/0,SQK-RBK114-96_barcode15.m.bam=0/0,SQK-RBK114-96_barcode16.m.bam=0/0,SQK-RBK114-96_barcode17.m.bam=0/0,SQK-RBK114-96_barcode18.m.bam=0/0,SQK-RBK114-96_barcode19.m.bam=0/0,SQK-RBK114-96_barcode20.m.bam=0/0
Scaffold_3_exon1-4,17521,SQK-RBK114-96_barcode01.m.bam=0/0,SQK-RBK114-96_barcode02.m.bam=0/1,SQK-RBK114-96_barcode03.m.bam=0/0,SQK-RBK114-96_barcode04.m.bam=0/1,SQK-RBK114-96_barcode05.m.bam=0/1,SQK-RBK114-96_barcode06.m.bam=0/1,SQK-RBK114-96_barcode07.m.bam=0/0,SQK-RBK114-96_barcode08.m.bam=0/0,SQK-RBK114-96_barcode09.m.bam=0/0,SQK-RBK114-96_barcode10.m.bam=0/1,SQK-RBK114-96_barcode11.m.bam=0/0,SQK-RBK114-96_barcode12.m.bam=0/0,SQK-RBK114-96_barcode13.m.bam=0/0,SQK-RBK114-96_barcode14.m.bam=0/0,SQK-RBK114-96_barcode15.m.bam=0/0,SQK-RBK114-96_barcode16.m.bam=0/1,SQK-RBK114-96_barcode17.m.bam=0/1,SQK-RBK114-96_barcode18.m.bam=0/1,SQK-RBK114-96_barcode19.m.bam=0/1,SQK-RBK114-96_barcode20.m.bam=1/1
Scaffold_3_exon1-4,17560,SQK-RBK114-96_barcode01.m.bam=0/0,SQK-RBK114-96_barcode02.m.bam=0/0,SQK-RBK114-96_barcode03.m.bam=0/0,SQK-RBK114-96_barcode04.m.bam=0/0,SQK-RBK114-96_barcode05.m.bam=0/0,SQK-RBK114-96_barcode06.m.bam=0/0,SQK-RBK114-96_barcode07.m.bam=0/0,SQK-RBK114-96_barcode08.m.bam=0/0,SQK-RBK114-96_barcode09.m.bam=0/0,SQK-RBK114-96_barcode10.m.bam=0/0,SQK-RBK114-96_barcode11.m.bam=0/0,SQK-RBK114-96_barcode12.m.bam=0/0,SQK-RBK114-96_barcode13.m.bam=0/0,SQK-RBK114-96_barcode14.m.bam=0/0,SQK-RBK114-96_barcode15.m.bam=0/1,SQK-RBK114-96_barcode16.m.bam=0/0,SQK-RBK114-96_barcode17.m.bam=0/0,SQK-RBK114-96_barcode18.m.bam=0/0,SQK-RBK114-96_barcode19.m.bam=0/0,SQK-RBK114-96_barcode20.m.bam=0/0
Scaffold_3_exon1-4,17583,SQK-RBK114-96_barcode01.m.bam=1/1,SQK-RBK114-96_barcode02.m.bam=1/1,SQK-RBK114-96_barcode03.m.bam=1/1,SQK-RBK114-96_barcode04.m.bam=1/1,SQK-RBK114-96_barcode05.m.bam=1/1,SQK-RBK114-96_barcode06.m.bam=1/1,SQK-RBK114-96_barcode07.m.bam=0/1,SQK-RBK114-96_barcode08.m.bam=0/1,SQK-RBK114-96_barcode09.m.bam=1/1,SQK-RBK114-96_barcode10.m.bam=1/1,SQK-RBK114-96_barcode11.m.bam=1/1,SQK-RBK114-96_barcode12.m.bam=1/1,SQK-RBK114-96_barcode13.m.bam=1/1,SQK-RBK114-96_barcode14.m.bam=1/1,SQK-RBK114-96_barcode15.m.bam=1/1,SQK-RBK114-96_barcode16.m.bam=0/1,SQK-RBK114-96_barcode17.m.bam=1/1,SQK-RBK114-96_barcode18.m.bam=1/1,SQK-RBK114-96_barcode19.m.bam=0/1,SQK-RBK114-96_barcode20.m.bam=1/1
Scaffold_3_exon1-4,17591,SQK-RBK114-96_barcode01.m.bam=0/0,SQK-RBK114-96_barcode02.m.bam=0/0,SQK-RBK114-96_barcode03.m.bam=0/0,SQK-RBK114-96_barcode04.m.bam=0/0,SQK-RBK114-96_barcode05.m.bam=0/0,SQK-RBK114-96_barcode06.m.bam=0/0,SQK-RBK114-96_barcode07.m.bam=0/0,SQK-RBK114-96_barcode08.m.bam=0/0,SQK-RBK114-96_barcode09.m.bam=0/1,SQK-RBK114-96_barcode10.m.bam=0/0,SQK-RBK114-96_barcode11.m.bam=0/0,SQK-RBK114-96_barcode12.m.bam=0/0,SQK-RBK114-96_barcode13.m.bam=0/0,SQK-RBK114-96_barcode14.m.bam=0/0,SQK-RBK114-96_barcode15.m.bam=0/0,SQK-RBK114-96_barcode16.m.bam=0/0,SQK-RBK114-96_barcode17.m.bam=0/0,SQK-RBK114-96_barcode18.m.bam=0/0,SQK-RBK114-96_barcode19.m.bam=0/0,SQK-RBK114-96_barcode20.m.bam=0/0
Scaffold_3_exon1-4,17594,SQK-RBK114-96_barcode01.m.bam=0/1,SQK-RBK114-96_barcode02.m.bam=0/0,SQK-RBK114-96_barcode03.m.bam=0/0,SQK-RBK114-96_barcode04.m.bam=0/0,SQK-RBK114-96_barcode05.m.bam=0/0,SQK-RBK114-96_barcode06.m.bam=0/0,SQK-RBK114-96_barcode07.m.bam=0/0,SQK-RBK114-96_barcode08.m.bam=0/0,SQK-RBK114-96_barcode09.m.bam=0/0,SQK-RBK114-96_barcode10.m.bam=0/0,SQK-RBK114-96_barcode11.m.bam=0/1,SQK-RBK114-96_barcode12.m.bam=0/0,SQK-RBK114-96_barcode13.m.bam=0/0,SQK-RBK114-96_barcode14.m.bam=0/0,SQK-RBK114-96_barcode15.m.bam=0/0,SQK-RBK114-96_barcode16.m.bam=0/0,SQK-RBK114-96_barcode17.m.bam=0/1,SQK-RBK114-96_barcode18.m.bam=0/0,SQK-RBK114-96_barcode19.m.bam=0/0,SQK-RBK114-96_barcode20.m.bam=0/0
Scaffold_3_exon1-4,17615,SQK-RBK114-96_barcode01.m.bam=0/1,SQK-RBK114-96_barcode02.m.bam=0/0,SQK-RBK114-96_barcode03.m.bam=0/0,SQK-RBK114-96_barcode04.m.bam=0/0,SQK-RBK114-96_barcode05.m.bam=0/0,SQK-RBK114-96_barcode06.m.bam=0/0,SQK-RBK114-96_barcode07.m.bam=0/0,SQK-RBK114-96_barcode08.m.bam=0/0,SQK-RBK114-96_barcode09.m.bam=0/0,SQK-RBK114-96_barcode10.m.bam=0/0,SQK-RBK114-96_barcode11.m.bam=0/1,SQK-RBK114-96_barcode12.m.bam=0/0,SQK-RBK114-96_barcode13.m.bam=0/0,SQK-RBK114-96_barcode14.m.bam=0/0,SQK-RBK114-96_barcode15.m.bam=0/0,SQK-RBK114-96_barcode16.m.bam=0/0,SQK-RBK114-96_barcode17.m.bam=0/1,SQK-RBK114-96_barcode18.m.bam=0/0,SQK-RBK114-96_barcode19.m.bam=0/0,SQK-RBK114-96_barcode20.m.bam=0/0
Scaffold_3_exon1-4,17651,SQK-RBK114-96_barcode01.m.bam=0/0,SQK-RBK114-96_barcode02.m.bam=0/0,SQK-RBK114-96_barcode03.m.bam=0/0,SQK-RBK114-96_barcode04.m.bam=0/0,SQK-RBK114-96_barcode05.m.bam=0/0,SQK-RBK114-96_barcode06.m.bam=0/0,SQK-RBK114-96_barcode07.m.bam=0/0,SQK-RBK114-96_barcode08.m.bam=0/0,SQK-RBK114-96_barcode09.m.bam=0/1,SQK-RBK114-96_barcode10.m.bam=0/0,SQK-RBK114-96_barcode11.m.bam=0/0,SQK-RBK114-96_barcode12.m.bam=0/0,SQK-RBK114-96_barcode13.m.bam=0/0,SQK-RBK114-96_barcode14.m.bam=0/0,SQK-RBK114-96_barcode15.m.bam=0/0,SQK-RBK114-96_barcode16.m.bam=0/0,SQK-RBK114-96_barcode17.m.bam=0/0,SQK-RBK114-96_barcode18.m.bam=0/0,SQK-RBK114-96_barcode19.m.bam=0/0,SQK-RBK114-96_barcode20.m.bam=0/0
Scaffold_3_exon1-4,17680,SQK-RBK114-96_barcode01.m.bam=0/0,SQK-RBK114-96_barcode02.m.bam=0/0,SQK-RBK114-96_barcode03.m.bam=0/0,SQK-RBK114-96_barcode04.m.bam=0/0,SQK-RBK114-96_barcode05.m.bam=0/0,SQK-RBK114-96_barcode06.m.bam=0/0,SQK-RBK114-96_barcode07.m.bam=0/0,SQK-RBK114-96_barcode08.m.bam=0/0,SQK-RBK114-96_barcode09.m.bam=0/1,SQK-RBK114-96_barcode10.m.bam=0/0,SQK-RBK114-96_barcode11.m.bam=0/0,SQK-RBK114-96_barcode12.m.bam=0/0,SQK-RBK114-96_barcode13.m.bam=0/0,SQK-RBK114-96_barcode14.m.bam=0/0,SQK-RBK114-96_barcode15.m.bam=0/0,SQK-RBK114-96_barcode16.m.bam=0/0,SQK-RBK114-96_barcode17.m.bam=0/0,SQK-RBK114-96_barcode18.m.bam=0/0,SQK-RBK114-96_barcode19.m.bam=0/0,SQK-RBK114-96_barcode20.m.bam=0/0
Scaffold_3_exon1-4,17766,SQK-RBK114-96_barcode01.m.bam=1/1,SQK-RBK114-96_barcode02.m.bam=1/1,SQK-RBK114-96_barcode03.m.bam=1/1,SQK-RBK114-96_barcode04.m.bam=1/1,SQK-RBK114-96_barcode05.m.bam=0/1,SQK-RBK114-96_barcode06.m.bam=1/1,SQK-RBK114-96_barcode07.m.bam=0/0,SQK-RBK114-96_barcode08.m.bam=0/1,SQK-RBK114-96_barcode09.m.bam=1/1,SQK-RBK114-96_barcode10.m.bam=1/1,SQK-RBK114-96_barcode11.m.bam=1/1,SQK-RBK114-96_barcode12.m.bam=1/1,SQK-RBK114-96_barcode13.m.bam=1/1,SQK-RBK114-96_barcode14.m.bam=1/1,SQK-RBK114-96_barcode15.m.bam=1/1,SQK-RBK114-96_barcode16.m.bam=0/1,SQK-RBK114-96_barcode17.m.bam=1/1,SQK-RBK114-96_barcode18.m.bam=1/1,SQK-RBK114-96_barcode19.m.bam=0/1,SQK-RBK114-96_barcode20.m.bam=1/1
Scaffold_3_exon1-4,17775,SQK-RBK114-96_barcode01.m.bam=0/0,SQK-RBK114-96_barcode02.m.bam=0/0,SQK-RBK114-96_barcode03.m.bam=0/0,SQK-RBK114-96_barcode04.m.bam=0/0,SQK-RBK114-96_barcode05.m.bam=0/0,SQK-RBK114-96_barcode06.m.bam=0/0,SQK-RBK114-96_barcode07.m.bam=0/0,SQK-RBK114-96_barcode08.m.bam=0/1,SQK-RBK114-96_barcode09.m.bam=0/1,SQK-RBK114-96_barcode10.m.bam=0/1,SQK-RBK114-96_barcode11.m.bam=0/0,SQK-RBK114-96_barcode12.m.bam=0/0,SQK-RBK114-96_barcode13.m.bam=0/0,SQK-RBK114-96_barcode14.m.bam=0/0,SQK-RBK114-96_barcode15.m.bam=0/1,SQK-RBK114-96_barcode16.m.bam=0/0,SQK-RBK114-96_barcode17.m.bam=0/0,SQK-RBK114-96_barcode18.m.bam=0/1,SQK-RBK114-96_barcode19.m.bam=0/0,SQK-RBK114-96_barcode20.m.bam=0/0
Scaffold_3_exon1-4,17781,SQK-RBK114-96_barcode01.m.bam=0/0,SQK-RBK114-96_barcode02.m.bam=0/0,SQK-RBK114-96_barcode03.m.bam=0/0,SQK-RBK114-96_barcode04.m.bam=0/0,SQK-RBK114-96_barcode05.m.bam=0/0,SQK-RBK114-96_barcode06.m.bam=0/0,SQK-RBK114-96_barcode07.m.bam=0/0,SQK-RBK114-96_barcode08.m.bam=0/1,SQK-RBK114-96_barcode09.m.bam=0/1,SQK-RBK114-96_barcode10.m.bam=0/1,SQK-RBK114-96_barcode11.m.bam=0/0,SQK-RBK114-96_barcode12.m.bam=0/0,SQK-RBK114-96_barcode13.m.bam=0/0,SQK-RBK114-96_barcode14.m.bam=0/0,SQK-RBK114-96_barcode15.m.bam=0/1,SQK-RBK114-96_barcode16.m.bam=0/0,SQK-RBK114-96_barcode17.m.bam=0/0,SQK-RBK114-96_barcode18.m.bam=1/1,SQK-RBK114-96_barcode19.m.bam=0/0,SQK-RBK114-96_barcode20.m.bam=0/0
Scaffold_3_exon1-4,17782,SQK-RBK114-96_barcode01.m.bam=0/0,SQK-RBK114-96_barcode02.m.bam=0/0,SQK-RBK114-96_barcode03.m.bam=0/0,SQK-RBK114-96_barcode04.m.bam=0/1,SQK-RBK114-96_barcode05.m.bam=0/0,SQK-RBK114-96_barcode06.m.bam=0/0,SQK-RBK114-96_barcode07.m.bam=0/0,SQK-RBK114-96_barcode08.m.bam=0/0,SQK-RBK114-96_barcode09.m.bam=0/0,SQK-RBK114-96_barcode10.m.bam=0/0,SQK-RBK114-96_barcode11.m.bam=0/0,SQK-RBK114-96_barcode12.m.bam=0/0,SQK-RBK114-96_barcode13.m.bam=0/0,SQK-RBK114-96_barcode14.m.bam=0/0,SQK-RBK114-96_barcode15.m.bam=0/0,SQK-RBK114-96_barcode16.m.bam=0/0,SQK-RBK114-96_barcode17.m.bam=0/0,SQK-RBK114-96_barcode18.m.bam=0/0,SQK-RBK114-96_barcode19.m.bam=0/0,SQK-RBK114-96_barcode20.m.bam=0/0
Scaffold_3_exon1-4,17784,SQK-RBK114-96_barcode01.m.bam=0/0,SQK-RBK114-96_barcode02.m.bam=0/0,SQK-RBK114-96_barcode03.m.bam=0/0,SQK-RBK114-96_barcode04.m.bam=0/0,SQK-RBK114-96_barcode05.m.bam=0/0,SQK-RBK114-96_barcode06.m.bam=0/0,SQK-RBK114-96_barcode07.m.bam=0/0,SQK-RBK114-96_barcode08.m.bam=0/1,SQK-RBK114-96_barcode09.m.bam=0/1,SQK-RBK114-96_barcode10.m.bam=0/1,SQK-RBK114-96_barcode11.m.bam=0/0,SQK-RBK114-96_barcode12.m.bam=0/0,SQK-RBK114-96_barcode13.m.bam=0/0,SQK-RBK114-96_barcode14.m.bam=0/0,SQK-RBK114-96_barcode15.m.bam=0/1,SQK-RBK114-96_barcode16.m.bam=0/0,SQK-RBK114-96_barcode17.m.bam=0/0,SQK-RBK114-96_barcode18.m.bam=0/1,SQK-RBK114-96_barcode19.m.bam=0/0,SQK-RBK114-96_barcode20.m.bam=0/0
Scaffold_3_exon1-4,17791,SQK-RBK114-96_barcode01.m.bam=0/0,SQK-RBK114-96_barcode02.m.bam=0/0,SQK-RBK114-96_barcode03.m.bam=0/0,SQK-RBK114-96_barcode04.m.bam=0/1,SQK-RBK114-96_barcode05.m.bam=0/0,SQK-RBK114-96_barcode06.m.bam=0/0,SQK-RBK114-96_barcode07.m.bam=0/0,SQK-RBK114-96_barcode08.m.bam=0/0,SQK-RBK114-96_barcode09.m.bam=0/0,SQK-RBK114-96_barcode10.m.bam=0/0,SQK-RBK114-96_barcode11.m.bam=0/0,SQK-RBK114-96_barcode12.m.bam=0/0,SQK-RBK114-96_barcode13.m.bam=0/0,SQK-RBK114-96_barcode14.m.bam=0/0,SQK-RBK114-96_barcode15.m.bam=0/0,SQK-RBK114-96_barcode16.m.bam=0/0,SQK-RBK114-96_barcode17.m.bam=0/0,SQK-RBK114-96_barcode18.m.bam=0/0,SQK-RBK114-96_barcode19.m.bam=0/0,SQK-RBK114-96_barcode20.m.bam=0/1
Scaffold_3_exon1-4,17811,SQK-RBK114-96_barcode01.m.bam=0/0,SQK-RBK114-96_barcode02.m.bam=0/1,SQK-RBK114-96_barcode03.m.bam=0/0,SQK-RBK114-96_barcode04.m.bam=0/0,SQK-RBK114-96_barcode05.m.bam=0/1,SQK-RBK114-96_barcode06.m.bam=0/1,SQK-RBK114-96_barcode07.m.bam=0/0,SQK-RBK114-96_barcode08.m.bam=0/0,SQK-RBK114-96_barcode09.m.bam=1/1,SQK-RBK114-96_barcode10.m.bam=1/1,SQK-RBK114-96_barcode11.m.bam=0/0,SQK-RBK114-96_barcode12.m.bam=0/0,SQK-RBK114-96_barcode13.m.bam=0/0,SQK-RBK114-96_barcode14.m.bam=0/0,SQK-RBK114-96_barcode15.m.bam=0/0,SQK-RBK114-96_barcode16.m.bam=0/1,SQK-RBK114-96_barcode17.m.bam=0/1,SQK-RBK114-96_barcode18.m.bam=1/1,SQK-RBK114-96_barcode19.m.bam=0/0,SQK-RBK114-96_barcode20.m.bam=0/1
Scaffold_3_exon1-4,17873,SQK-RBK114-96_barcode01.m.bam=0/0,SQK-RBK114-96_barcode02.m.bam=0/1,SQK-RBK114-96_barcode03.m.bam=0/0,SQK-RBK114-96_barcode04.m.bam=0/0,SQK-RBK114-96_barcode05.m.bam=0/1,SQK-RBK114-96_barcode06.m.bam=0/1,SQK-RBK114-96_barcode07.m.bam=0/0,SQK-RBK114-96_barcode08.m.bam=0/0,SQK-RBK114-96_barcode09.m.bam=0/0,SQK-RBK114-96_barcode10.m.bam=0/1,SQK-RBK114-96_barcode11.m.bam=0/0,SQK-RBK114-96_barcode12.m.bam=0/0,SQK-RBK114-96_barcode13.m.bam=0/0,SQK-RBK114-96_barcode14.m.bam=0/0,SQK-RBK114-96_barcode15.m.bam=0/0,SQK-RBK114-96_barcode16.m.bam=0/1,SQK-RBK114-96_barcode17.m.bam=0/1,SQK-RBK114-96_barcode18.m.bam=0/1,SQK-RBK114-96_barcode19.m.bam=0/0,SQK-RBK114-96_barcode20.m.bam=0/1
Scaffold_3_exon1-4,17938,SQK-RBK114-96_barcode01.m.bam=0/0,SQK-RBK114-96_barcode02.m.bam=0/0,SQK-RBK114-96_barcode03.m.bam=0/0,SQK-RBK114-96_barcode04.m.bam=0/0,SQK-RBK114-96_barcode05.m.bam=0/0,SQK-RBK114-96_barcode06.m.bam=0/0,SQK-RBK114-96_barcode07.m.bam=0/0,SQK-RBK114-96_barcode08.m.bam=0/0,SQK-RBK114-96_barcode09.m.bam=0/1,SQK-RBK114-96_barcode10.m.bam=0/0,SQK-RBK114-96_barcode11.m.bam=0/0,SQK-RBK114-96_barcode12.m.bam=0/0,SQK-RBK114-96_barcode13.m.bam=0/0,SQK-RBK114-96_barcode14.m.bam=0/0,SQK-RBK114-96_barcode15.m.bam=0/0,SQK-RBK114-96_barcode16.m.bam=0/0,SQK-RBK114-96_barcode17.m.bam=0/0,SQK-RBK114-96_barcode18.m.bam=0/0,SQK-RBK114-96_barcode19.m.bam=0/0,SQK-RBK114-96_barcode20.m.bam=0/0
Scaffold_3_exon1-4,17944,SQK-RBK114-96_barcode01.m.bam=0/0,SQK-RBK114-96_barcode02.m.bam=0/0,SQK-RBK114-96_barcode03.m.bam=0/0,SQK-RBK114-96_barcode04.m.bam=0/0,SQK-RBK114-96_barcode05.m.bam=0/1,SQK-RBK114-96_barcode06.m.bam=0/0,SQK-RBK114-96_barcode07.m.bam=0/1,SQK-RBK114-96_barcode08.m.bam=0/1,SQK-RBK114-96_barcode09.m.bam=0/1,SQK-RBK114-96_barcode10.m.bam=0/1,SQK-RBK114-96_barcode11.m.bam=0/0,SQK-RBK114-96_barcode12.m.bam=0/0,SQK-RBK114-96_barcode13.m.bam=0/1,SQK-RBK114-96_barcode14.m.bam=0/0,SQK-RBK114-96_barcode15.m.bam=0/1,SQK-RBK114-96_barcode16.m.bam=0/0,SQK-RBK114-96_barcode17.m.bam=0/0,SQK-RBK114-96_barcode18.m.bam=0/1,SQK-RBK114-96_barcode19.m.bam=0/0,SQK-RBK114-96_barcode20.m.bam=0/0
Scaffold_3_exon1-4,17984,SQK-RBK114-96_barcode01.m.bam=0/0,SQK-RBK114-96_barcode02.m.bam=0/0,SQK-RBK114-96_barcode03.m.bam=0/0,SQK-RBK114-96_barcode04.m.bam=0/0,SQK-RBK114-96_barcode05.m.bam=0/0,SQK-RBK114-96_barcode06.m.bam=0/0,SQK-RBK114-96_barcode07.m.bam=0/0,SQK-RBK114-96_barcode08.m.bam=0/0,SQK-RBK114-96_barcode09.m.bam=0/1,SQK-RBK114-96_barcode10.m.bam=0/0,SQK-RBK114-96_barcode11.m.bam=0/0,SQK-RBK114-96_barcode12.m.bam=0/0,SQK-RBK114-96_barcode13.m.bam=0/0,SQK-RBK114-96_barcode14.m.bam=0/0,SQK-RBK114-96_barcode15.m.bam=0/0,SQK-RBK114-96_barcode16.m.bam=0/0,SQK-RBK114-96_barcode17.m.bam=0/0,SQK-RBK114-96_barcode18.m.bam=0/0,SQK-RBK114-96_barcode19.m.bam=0/0,SQK-RBK114-96_barcode20.m.bam=0/0
Scaffold_3_exon1-4,17992,SQK-RBK114-96_barcode01.m.bam=0/0,SQK-RBK114-96_barcode02.m.bam=0/0,SQK-RBK114-96_barcode03.m.bam=0/0,SQK-RBK114-96_barcode04.m.bam=0/0,SQK-RBK114-96_barcode05.m.bam=0/0,SQK-RBK114-96_barcode06.m.bam=0/0,SQK-RBK114-96_barcode07.m.bam=0/0,SQK-RBK114-96_barcode08.m.bam=0/0,SQK-RBK114-96_barcode09.m.bam=0/1,SQK-RBK114-96_barcode10.m.bam=0/0,SQK-RBK114-96_barcode11.m.bam=0/0,SQK-RBK114-96_barcode12.m.bam=0/0,SQK-RBK114-96_barcode13.m.bam=0/0,SQK-RBK114-96_barcode14.m.bam=0/0,SQK-RBK114-96_barcode15.m.bam=0/0,SQK-RBK114-96_barcode16.m.bam=0/0,SQK-RBK114-96_barcode17.m.bam=0/0,SQK-RBK114-96_barcode18.m.bam=0/0,SQK-RBK114-96_barcode19.m.bam=0/0,SQK-RBK114-96_barcode20.m.bam=0/0
Scaffold_3_exon1-4,18064,SQK-RBK114-96_barcode01.m.bam=1/1,SQK-RBK114-96_barcode02.m.bam=1/1,SQK-RBK114-96_barcode03.m.bam=0/0,SQK-RBK114-96_barcode04.m.bam=1/1,SQK-RBK114-96_barcode05.m.bam=1/1,SQK-RBK114-96_barcode06.m.bam=1/1,SQK-RBK114-96_barcode07.m.bam=0/1,SQK-RBK114-96_barcode08.m.bam=0/1,SQK-RBK114-96_barcode09.m.bam=1/1,SQK-RBK114-96_barcode10.m.bam=1/1,SQK-RBK114-96_barcode11.m.bam=1/1,SQK-RBK114-96_barcode12.m.bam=1/1,SQK-RBK114-96_barcode13.m.bam=0/1,SQK-RBK114-96_barcode14.m.bam=0/1,SQK-RBK114-96_barcode15.m.bam=1/1,SQK-RBK114-96_barcode16.m.bam=0/1,SQK-RBK114-96_barcode17.m.bam=1/1,SQK-RBK114-96_barcode18.m.bam=1/1,SQK-RBK114-96_barcode19.m.bam=0/1,SQK-RBK114-96_barcode20.m.bam=1/1
Scaffold_3_exon1-4,18065,SQK-RBK114-96_barcode01.m.bam=1/1,SQK-RBK114-96_barcode02.m.bam=1/1,SQK-RBK114-96_barcode03.m.bam=0/0,SQK-RBK114-96_barcode04.m.bam=1/1,SQK-RBK114-96_barcode05.m.bam=1/1,SQK-RBK114-96_barcode06.m.bam=1/1,SQK-RBK114-96_barcode07.m.bam=0/1,SQK-RBK114-96_barcode08.m.bam=0/1,SQK-RBK114-96_barcode09.m.bam=1/1,SQK-RBK114-96_barcode10.m.bam=1/1,SQK-RBK114-96_barcode11.m.bam=1/1,SQK-RBK114-96_barcode12.m.bam=1/1,SQK-RBK114-96_barcode13.m.bam=0/1,SQK-RBK114-96_barcode14.m.bam=0/1,SQK-RBK114-96_barcode15.m.bam=1/1,SQK-RBK114-96_barcode16.m.bam=0/1,SQK-RBK114-96_barcode17.m.bam=1/1,SQK-RBK114-96_barcode18.m.bam=1/1,SQK-RBK114-96_barcode19.m.bam=0/1,SQK-RBK114-96_barcode20.m.bam=1/1
Scaffold_3_exon1-4,18090,SQK-RBK114-96_barcode01.m.bam=0/0,SQK-RBK114-96_barcode02.m.bam=0/0,SQK-RBK114-96_barcode03.m.bam=0/0,SQK-RBK114-96_barcode04.m.bam=0/1,SQK-RBK114-96_barcode05.m.bam=0/0,SQK-RBK114-96_barcode06.m.bam=0/0,SQK-RBK114-96_barcode07.m.bam=0/0,SQK-RBK114-96_barcode08.m.bam=0/0,SQK-RBK114-96_barcode09.m.bam=0/0,SQK-RBK114-96_barcode10.m.bam=0/0,SQK-RBK114-96_barcode11.m.bam=0/0,SQK-RBK114-96_barcode12.m.bam=0/0,SQK-RBK114-96_barcode13.m.bam=0/0,SQK-RBK114-96_barcode14.m.bam=0/0,SQK-RBK114-96_barcode15.m.bam=0/0,SQK-RBK114-96_barcode16.m.bam=0/0,SQK-RBK114-96_barcode17.m.bam=0/0,SQK-RBK114-96_barcode18.m.bam=0/0,SQK-RBK114-96_barcode19.m.bam=0/0,SQK-RBK114-96_barcode20.m.bam=0/0
Scaffold_3_exon1-4,18101,SQK-RBK114-96_barcode01.m.bam=0/1,SQK-RBK114-96_barcode02.m.bam=0/0,SQK-RBK114-96_barcode03.m.bam=0/0,SQK-RBK114-96_barcode04.m.bam=0/0,SQK-RBK114-96_barcode05.m.bam=0/0,SQK-RBK114-96_barcode06.m.bam=0/0,SQK-RBK114-96_barcode07.m.bam=0/0,SQK-RBK114-96_barcode08.m.bam=0/0,SQK-RBK114-96_barcode09.m.bam=0/0,SQK-RBK114-96_barcode10.m.bam=0/0,SQK-RBK114-96_barcode11.m.bam=0/1,SQK-RBK114-96_barcode12.m.bam=0/1,SQK-RBK114-96_barcode13.m.bam=0/0,SQK-RBK114-96_barcode14.m.bam=0/0,SQK-RBK114-96_barcode15.m.bam=0/0,SQK-RBK114-96_barcode16.m.bam=0/0,SQK-RBK114-96_barcode17.m.bam=0/1,SQK-RBK114-96_barcode18.m.bam=0/0,SQK-RBK114-96_barcode19.m.bam=0/0,SQK-RBK114-96_barcode20.m.bam=0/0
Scaffold_3_exon1-4,18103,SQK-RBK114-96_barcode01.m.bam=0/0,SQK-RBK114-96_barcode02.m.bam=0/0,SQK-RBK114-96_barcode03.m.bam=0/0,SQK-RBK114-96_barcode04.m.bam=0/0,SQK-RBK114-96_barcode05.m.bam=0/0,SQK-RBK114-96_barcode06.m.bam=0/1,SQK-RBK114-96_barcode07.m.bam=0/0,SQK-RBK114-96_barcode08.m.bam=0/0,SQK-RBK114-96_barcode09.m.bam=0/0,SQK-RBK114-96_barcode10.m.bam=0/0,SQK-RBK114-96_barcode11.m.bam=0/0,SQK-RBK114-96_barcode12.m.bam=0/0,SQK-RBK114-96_barcode13.m.bam=0/0,SQK-RBK114-96_barcode14.m.bam=0/0,SQK-RBK114-96_barcode15.m.bam=0/0,SQK-RBK114-96_barcode16.m.bam=0/0,SQK-RBK114-96_barcode17.m.bam=0/0,SQK-RBK114-96_barcode18.m.bam=0/0,SQK-RBK114-96_barcode19.m.bam=0/0,SQK-RBK114-96_barcode20.m.bam=0/0
