"#CHROM","POS","ID","REF","ALT","A1","TEST","OBS_CT","OR","LOG(OR)_SE","Z_STAT","P"
"Scaffold_3_exon1-4","17387",".","C","T","T","ADD","20","NA","NA","NA","NA"
"Scaffold_3_exon1-4","17406",".","T","C","C","ADD","20","0.771519","0.723977","-0.35829","0.720127"
"Scaffold_3_exon1-4","17495",".","T","G","G","ADD","20","0.048428","1.26169","-2.3997","0.0164084"
"Scaffold_3_exon1-4","17518",".","A","C","C","ADD","20","NA","NA","NA","NA"
"Scaffold_3_exon1-4","17521",".","C","A","A","ADD","20","5.26313","0.925047","1.79529","0.072608"
"Scaffold_3_exon1-4","17560",".","G","A","A","ADD","20","NA","NA","NA","NA"
"Scaffold_3_exon1-4","17583",".","C","G","C","ADD","20","NA","NA","NA","NA"
"Scaffold_3_exon1-4","17591",".","G","A","A","ADD","20","NA","NA","NA","NA"
"Scaffold_3_exon1-4","17594",".","G","A","A","ADD","20","0.444444","1.31762","-0.615453","0.538256"
"Scaffold_3_exon1-4","17615",".","G","A","A","ADD","20","0.444444","1.31762","-0.615453","0.538256"
"Scaffold_3_exon1-4","17651",".","T","A","A","ADD","20","NA","NA","NA","NA"
"Scaffold_3_exon1-4","17680",".","A","T","T","ADD","20","NA","NA","NA","NA"
"Scaffold_3_exon1-4","17766",".","C","G","C","ADD","20","5.27099","1.15709","1.43655","0.150846"
"Scaffold_3_exon1-4","17775",".","TAGAAA","T","T","ADD","20","6","1.23603","1.44961","0.147166"
"Scaffold_3_exon1-4","17781",".","TGAAAGA","TAAGA","TAAGA","ADD","20","5.27099","1.15709","1.43655","0.150846"
"Scaffold_3_exon1-4","17782",".","G","T","T","ADD","20","NA","NA","NA","NA"
"Scaffold_3_exon1-4","17784",".","A","C","C","ADD","20","6","1.23603","1.44961","0.147166"
"Scaffold_3_exon1-4","17791",".","G","C","C","ADD","20","1","1.49071","0","1"
"Scaffold_3_exon1-4","17811",".","ACCCT","ACCT","ACCT","ADD","20","7.28748","0.934959","2.12433","0.0336429"
"Scaffold_3_exon1-4","17873",".","T","C","C","ADD","20","6","1.02062","1.75556","0.0791637"
"Scaffold_3_exon1-4","17938",".","C","T","T","ADD","20","NA","NA","NA","NA"
"Scaffold_3_exon1-4","17944",".","C","T","T","ADD","20","2.33333","0.936049","0.905185","0.365367"
"Scaffold_3_exon1-4","17984",".","GAAAAAAA","GAAAAAAAA","GAAAAAAAA","ADD","20","NA","NA","NA","NA"
"Scaffold_3_exon1-4","17992",".","T","A","A","ADD","20","NA","NA","NA","NA"
"Scaffold_3_exon1-4","18064",".","T","C","T","ADD","20","1","0.766965","0","1"
"Scaffold_3_exon1-4","18065",".","T","C","T","ADD","20","1","0.766965","0","1"
"Scaffold_3_exon1-4","18090",".","C","G","G","ADD","20","NA","NA","NA","NA"
"Scaffold_3_exon1-4","18101",".","A","G","G","ADD","20","0.259259","1.25988","-1.07147","0.283958"
"Scaffold_3_exon1-4","18103",".","G","A","A","ADD","20","NA","NA","NA","NA"
